urn,la_code,la_code_new,stat_neighbours,stat_neighbours_la_code,stat_neighbours_previous,local_authority_ons_name,also_known_as,region_code,region_name,domain,ofsted_ilacs_scrape_la_name,rgn22cd,rgn22nm,lad23cd,ltla23cd,ltla23nm,ltla23nmw,ltla23_ons,utla23nm,country,ons_population_0-25,ons_la_type
80486,301,E09000002,"308, 821, 313, 333, 336, 307, 304, 312, 874, 203","E09000010, E06000032, E09000018, E08000028, E08000031, E09000009, E09000005, E09000017, E06000031, E09000011","330, 331, 308, 203, 821, 352, 316, 892, 871, 320",Barking and Dagenham,,GL,London,lbbd.gov.uk,301,E12000007,London,E09000002,E09000002,Barking and Dagenham,,E09000002,Barking and Dagenham,England,85041,London Borough
80487,302,E09000003,"320, 870, 310, 317, 315, 306, 209, 312, 309, 307","E09000031, E06000038, E09000015, E09000026, E09000024, E09000008, E09000023, E09000017, E09000014, E09000009","305, 307, 312, 313, 314, 315, 826, 870, 317, 319",Barnet,,GL,London,barnet.gov.uk,302,E12000007,London,E09000003,E09000003,Barnet,,E09000003,Barnet,England,124296,London Borough
80426,370,E08000016,"372, 384, 357, 371, 332, 894, 840, 390, 807, 394","E08000018, E08000036, E08000008, E08000017, E08000027, E06000020, E06000047, E08000037, E06000003, E08000024","371, 840, 812, 807, 372, 342, 394, 357, 384, 359",Barnsley,,YH,Yorkshire and the Humber,barnsley.gov.uk,370,E12000003,Yorkshire and the Humber,E08000016,E08000016,Barnsley,,E08000016,Barnsley,England,69889,Metropolitan District
80427,800,E06000022,"816, 358, 919, 356, 938, 314, 825, 931, 873, 916","E06000014, E08000009, E10000015, E08000007, E10000032, E09000021, E06000060, E10000025, E10000003, E10000013","873, 878, 916, 850, 802, 931, 803, 938, 865, 885",Bath and North East Somerset,,SW,South West,bathnes.gov.uk,800,E12000009,South West,E06000022,E06000022,Bath and North East Somerset,,E06000022,Bath and North East Somerset,England,64037,Unitary Authority
80428,822,E06000055,"303, 826, 941, 311, 937, 839, 886, 935, 881, 866","E09000004, E06000042, E06000062, E09000016, E10000031, E06000058, E10000016, E10000029, E10000012, E06000030","831, 881, 919, 886, 887, 826, 940, 941, 866, 937",Bedford Borough,,E,East of England,bedford.gov.uk,822,E12000006,East of England,E06000055,E06000055,Bedford,,E06000055,Bedford,England,57592,Unitary Authority
80488,303,E09000004,"311, 822, 886, 881, 883, 887, 826, 866, 839, 351","E09000016, E06000055, E10000016, E10000012, E06000034, E06000035, E06000042, E06000030, E06000058, E08000002","822, 881, 311, 886, 887, 826, 941, 882, 866, 883",Bexley,,GL,London,bexley.gov.uk,,E12000007,London,E09000004,E09000004,Bexley,,E09000004,Bexley,England,78080,London Borough
80429,330,E08000025,"892, 352, 380, 391, 353, 889, 373, 806, 852, 355","E06000018, E08000003, E08000032, E08000021, E08000004, E06000008, E08000019, E06000002, E06000045, E08000006","380, 831, 308, 821, 352, 892, 333, 335, 320, 336",Birmingham,,WM,West Midlands,birminghamchildrenstrust.co.uk,330,E12000005,West Midlands,E08000025,E08000025,Birmingham,,E08000025,Birmingham,England,432811,Metropolitan District
80430,889,E06000008,"380, 353, 350, 831, 354, 335, 373, 861, 330, 382","E08000032, E08000004, E08000001, E06000015, E08000005, E08000030, E08000019, E06000021, E08000025, E08000034","350, 380, 331, 831, 382, 353, 874, 354, 894, 335",Blackburn with Darwen,,NW,North West,blackburn.gov.uk,889,E12000002,North West,E06000008,E06000008,Blackburn with Darwen,,E06000008,Blackburn with Darwen,England,55286,Unitary Authority
80431,890,E06000009,"805, 806, 394, 341, 393, 807, 354, 880, 355, 861","E06000001, E06000002, E08000024, E08000012, E08000023, E06000003, E08000005, E06000027, E08000006, E06000021","876, 805, 810, 340, 806, 812, 807, 393, 861, 357",Blackpool,,NW,North West,blackpool.gov.uk,890,E12000002,North West,E06000009,E06000009,Blackpool,,E06000009,Blackpool,England,39455,Unitary Authority
80432,350,E08000001,"354, 831, 353, 357, 335, 355, 889, 331, 373, 874","E08000005, E06000015, E08000004, E08000008, E08000030, E08000006, E06000008, E08000026, E08000019, E06000031","381, 331, 831, 332, 382, 383, 354, 372, 357, 894",Bolton,,NW,North West,bolton.gov.uk,,E12000002,North West,E08000001,E08000001,Bolton,,E08000001,Bolton,England,98113,Metropolitan District
2532287,839,E06000058,"822, 882, 886, 878, 826, 303, 938, 926, 845, 881","E06000055, E06000033, E10000016, E10000008, E06000042, E09000004, E10000032, E10000020, E10000011, E10000012","800, 878, 845, 916, 921, 886, 882, 935, 866, 938","Bournemouth, Christchurch and Poole","[BCP, Bournemouth, Christchurch & Poole]",SW,South West,bcpcouncil.gov.uk,839,E12000009,South West,E06000058,E06000058,"Bournemouth, Christchurch and Poole",,E06000058,"Bournemouth, Christchurch and Poole",England,114591,Unitary Authority
80436,867,E06000036,"919, 850, 825, 931, 869, 938, 803, 823, 916, 865","E10000015, E10000014, E06000060, E10000025, E06000037, E10000032, E06000025, E06000056, E10000013, E06000054","825, 823, 850, 919, 931, 803, 358, 869, 938, 816",Bracknell Forest,,SE,South East,bracknell-forest.gov.uk,867,E12000008,South East,E06000036,E06000036,Bracknell Forest,,E06000036,Bracknell Forest,England,38380,Unitary Authority
80449,380,E08000032,"889, 330, 353, 373, 831, 354, 350, 335, 333, 382","E06000008, E08000025, E08000004, E08000019, E06000015, E08000005, E08000001, E08000030, E08000028, E08000034","889, 350, 831, 332, 382, 353, 874, 354, 894, 335",Bradford,,YH,Yorkshire and the Humber,bradford.gov.uk,380,E12000003,Yorkshire and the Humber,E08000032,E08000032,Bradford,,E08000032,Bradford,England,194515,Metropolitan District
80489,304,E09000005,"307, 316, 313, 309, 821, 871, 301, 308, 320, 317","E09000009, E09000025, E09000018, E09000014, E06000032, E06000039, E09000002, E09000010, E09000031, E09000026","306, 307, 308, 203, 309, 313, 316, 317, 871, 320",Brent,,GL,London,brent.gov.uk,304,E12000007,London,E09000005,E09000005,Brent,,E09000005,Brent,England,111052,London Borough
80438,846,E06000043,"801, 882, 302, 314, 800, 383, 209, 826, 212, 816","E06000023, E06000033, E09000003, E09000021, E06000022, E08000035, E09000023, E06000042, E09000032, E06000014","800, 839, 801, 845, 383, 851, 870, 373, 882, 816",Brighton and Hove,,SE,South East,brighton-hove.gov.uk,,E12000008,South East,E06000043,E06000043,Brighton and Hove,,E06000043,Brighton and Hove,England,87645,Unitary Authority
80441,801,E06000023,"846, 383, 882, 373, 826, 851, 870, 302, 839, 382","E06000043, E08000035, E06000033, E08000019, E06000042, E06000044, E06000038, E09000003, E06000058, E08000034","846, 331, 831, 383, 874, 879, 851, 870, 373, 852","Bristol, City of",[Bristol],SW,South West,bristol.gov.uk,801,E12000009,South West,E06000023,E06000023,"Bristol, City of",,E06000023,"Bristol, City of",England,162114,Unitary Authority
80490,305,E09000006,"919, 358, 825, 869, 867, 931, 850, 868, 334, 936","E10000015, E08000009, E06000060, E06000037, E06000036, E10000025, E10000014, E06000040, E08000029, E10000030","822, 867, 823, 850, 919, 931, 334, 356, 319, 358",Bromley,,GL,London,bromley.gov.uk,305,E12000007,London,E09000006,E09000006,Bromley,,E09000006,Bromley,England,96518,London Borough
80442,825,E06000060,"931, 919, 869, 936, 873, 867, 823, 868, 358, 850","E10000025, E10000015, E06000037, E10000030, E10000003, E06000036, E06000056, E06000040, E08000009, E10000014","867, 873, 823, 850, 919, 931, 936, 358, 869, 868",Buckinghamshire,,SE,South East,buckinghamshire.gov.uk,825,E12000004,South East,,E10000002,Buckinghamshire,,E06000060,Buckinghamshire,England,166277,Unitary Authority
80443,351,E08000002,"888, 908, 392, 886, 332, 891, 808, 926, 887, 303","E10000017, E06000052, E08000022, E10000016, E08000027, E10000024, E06000004, E10000020, E06000035, E09000004","381, 896, 886, 888, 891, 343, 334, 356, 808, 877",Bury,,NW,North West,bury.gov.uk,351,E12000002,North West,E08000002,E08000002,Bury,,E08000002,Bury,England,59339,Metropolitan District
80444,381,E08000033,"839, 845, 878, 921, 926, 882, 350, 929, 383, 356","E06000058, E10000011, E10000008, E06000046, E10000020, E06000033, E08000001, E06000057, E08000035, E08000007","351, 841, 830, 382, 888, 383, 891, 343, 808, 359",Calderdale,,YH,Yorkshire and the Humber,calderdale.gov.uk,381,E12000003,Yorkshire and the Humber,E08000033,E08000033,Calderdale,,E08000033,Calderdale,England,61503,Metropolitan District
80445,873,E10000003,"931, 919, 825, 803, 937, 916, 938, 823, 850, 869","E10000025, E10000015, E06000060, E06000025, E10000031, E10000013, E10000032, E06000056, E10000014, E06000037","800, 916, 850, 919, 931, 937, 869, 938, 865, 885",Cambridgeshire,,E,East of England,cambridgeshire.gov.uk,873,E12000006,East of England,,E10000003,Cambridgeshire,,E10000003,Cambridgeshire,England,203096,County
80491,202,E09000007,"206, 213, 205, 210, 208, 207, 209, 309, 204, 302","E09000019, E09000033, E09000013, E09000028, E09000022, E09000020, E09000023, E09000014, E09000012, E09000003","302, 203, 205, 309, 206, 207, 352, 870, 212, 213",Camden,,GL,London,camden.gov.uk,202,E12000007,London,E09000007,E09000007,Camden,,E09000007,Camden,England,68241,London Borough
80446,823,E06000056,"825, 803, 873, 850, 865, 931, 938, 867, 869, 919","E06000060, E06000025, E10000003, E10000014, E06000054, E10000025, E10000032, E06000036, E06000037, E10000015","867, 895, 881, 850, 919, 855, 803, 937, 869, 938",Central Bedfordshire,,E,East of England,centralbedfordshire.gov.uk,823,E12000006,East of England,E06000056,E06000056,Central Bedfordshire,,E06000056,Central Bedfordshire,England,86735,Unitary Authority
80447,895,E06000049,"916, 937, 815, 877, 865, 850, 896, 931, 885, 855","E10000013, E10000031, E06000065, E06000007, E06000054, E10000014, E06000050, E10000025, E10000034, E10000018","823, 896, 811, 850, 855, 802, 815, 877, 937, 885",Cheshire East,,NW,North West,cheshireeast.gov.uk,895,E12000002,North West,E06000049,E06000049,Cheshire East,,E06000049,Cheshire East,England,106877,Unitary Authority
80448,896,E06000050,"334, 356, 895, 937, 885, 916, 877, 878, 938, 929","E08000029, E08000007, E06000049, E10000031, E10000034, E10000013, E06000007, E10000008, E10000032, E06000057","895, 811, 881, 891, 334, 860, 356, 877, 937, 885",Cheshire West and Chester,,NW,North West,cheshirewestandchester.gov.uk,896,E12000002,North West,E06000050,E06000050,Cheshire West and Chester,,E06000050,Cheshire West and Chester,England,100079,Unitary Authority
80450,201,E09000001,"202, 205, 207, 210, 208, 206, 212, 213, 209, 846","E09000007, E09000013, E09000020, E09000028, E09000022, E09000019, E09000032, E09000033, E09000023, E06000043","302, 846, 202, 205, 207, 314, 318, 212, 213, 868",City of London,,GL,London,cityoflondon.gov.uk,201,E12000007,London,E09000001,E09000001,City of London,,E09000001,City of London,England,1987,London Borough
80454,908,E06000052,"926, 351, 845, 830, 929, 935, 878, 891, 888, 886","E10000020, E08000002, E10000011, E10000007, E06000057, E10000029, E10000008, E10000024, E10000017, E10000016","878, 838, 845, 884, 921, 925, 926, 893, 933, 935",Cornwall,,SW,South West,cornwall.gov.uk,908,E12000009,South West,E06000052,E06000052,Cornwall,,E06000052,Cornwall,England,150600,Unitary Authority
80456,331,E08000026,"831, 852, 874, 350, 336, 312, 354, 335, 821, 861","E06000015, E06000045, E06000031, E08000001, E08000031, E09000017, E08000005, E08000030, E06000032, E06000021","350, 831, 383, 887, 874, 851, 373, 852, 357, 335",Coventry,,WM,West Midlands,coventry.gov.uk,331,E12000005,West Midlands,E08000026,E08000026,Coventry,,E08000026,Coventry,England,124402,Metropolitan District
80492,306,E09000008,"209, 320, 383, 870, 826, 882, 302, 852, 355, 203","E09000023, E09000031, E08000035, E06000038, E06000042, E06000033, E09000003, E06000045, E08000006, E09000011","330, 304, 307, 308, 203, 309, 208, 209, 315, 320",Croydon,,GL,London,croydon.gov.uk,306,E12000007,London,E09000008,E09000008,Croydon,,E09000008,Croydon,England,124692,London Borough
2733690,942,E06000063,"943, 925, 884, 888, 813, 384, 860, 929, 371, 370","E06000064, E10000019, E06000019, E10000017, E06000013, E08000036, E10000028, E06000057, E08000017, E08000016","878, 371, 341, 812, 941, 353, 871, 356, 394",Cumberland,,NW,North West,cumberland.gov.uk,942,E12000002,North West,,E10000006,Cumbria,,E10000006,Cumbria,England,128211,County
135513,909,,,,"830, 878, 925, 926, 940, 891, 893, 860, 935, 885",Cumbria,,NotKnown,North West,cumbria.gov.uk,909,E12000002,North West,,E10000006,Cumbria,,E10000006,Cumbria,England,128211,County
80458,841,E06000005,"390, 808, 332, 384, 888, 894, 372, 357, 840, 371","E08000037, E06000004, E08000027, E08000036, E10000017, E06000020, E08000018, E08000008, E06000047, E08000017","381, 840, 390, 392, 807, 343, 342, 808, 359, 344",Darlington,,NE,North East,darlington.gov.uk,841,E12000001,North East,E06000005,E06000005,Darlington,,E06000005,Darlington,England,30995,Unitary Authority
80459,831,E06000015,"331, 350, 335, 852, 382, 874, 354, 373, 357, 861","E08000026, E08000001, E08000030, E06000045, E08000034, E06000031, E08000005, E08000019, E08000008, E06000021","350, 331, 332, 382, 383, 887, 874, 373, 894, 335",Derby,,EM,East Midlands,derby.gov.uk,831,E12000004,East Midlands,E06000015,E06000015,Derby,,E06000015,Derby,England,87109,Unitary Authority
80460,830,E10000007,"891, 933, 935, 926, 860, 878, 893, 929, 838, 885","E10000024, E06000066, E10000029, E10000020, E10000028, E10000008, E06000051, E06000057, E06000059, E10000034","896, 909, 886, 888, 925, 940, 891, 860, 359, 885",Derbyshire,,EM,East Midlands,derbyshire.gov.uk,,E12000004,East Midlands,,E10000007,Derbyshire,,E10000007,Derbyshire,England,212575,County
80461,878,E10000008,"845, 838, 926, 886, 933, 935, 938, 830, 881, 885","E10000011, E06000059, E10000020, E10000016, E06000066, E10000029, E10000032, E10000007, E10000012, E10000034","908, 838, 916, 884, 926, 893, 933, 935, 865, 885",Devon,,SW,South West,devon.gov.uk,878,E12000009,South West,,E10000008,Devon,,E10000008,Devon,England,216778,County
80462,371,E08000017,"372, 370, 384, 894, 357, 812, 335, 861, 354, 813","E08000018, E08000016, E08000036, E06000020, E08000008, E06000012, E08000030, E06000021, E08000005, E06000013","370, 332, 812, 813, 807, 372, 357, 894, 384, 359",Doncaster,,YH,Yorkshire and the Humber,doncaster.gov.uk,371,E12000003,Yorkshire and the Humber,E08000017,E08000017,Doncaster,,E08000017,Doncaster,England,89835,Metropolitan District
2532283,838,E06000059,"933, 878, 893, 935, 885, 881, 830, 886, 938, 815","E06000066, E10000008, E06000051, E10000029, E10000034, E10000012, E10000007, E10000016, E10000032, E06000065","908, 878, 845, 916, 926, 893, 933, 935, 865, 885",Dorset,,SW,South West,dorsetcouncil.gov.uk,,E12000009,South West,,E10000009,Dorset,,E06000059,Dorset,England,91981,Unitary Authority
80464,332,E08000027,"384, 894, 808, 372, 370, 887, 357, 888, 841, 925","E08000036, E06000020, E06000004, E08000018, E08000016, E06000035, E08000008, E10000017, E06000005, E10000019","830, 371, 888, 887, 813, 891, 372, 357, 894, 359",Dudley,,WM,West Midlands,dudley.gov.uk,332,E12000005,West Midlands,E08000027,E08000027,Dudley,,E08000027,Dudley,England,95918,Metropolitan District
80465,840,E06000047,"876, 344, 390, 807, 372, 370, 394, 393, 808, 841","E06000006, E08000015, E08000037, E06000003, E08000018, E08000016, E08000024, E08000023, E06000004, E06000005","370, 841, 390, 392, 807, 342, 808, 394, 384, 359",Durham,,NE,North East,durham.gov.uk,840,E12000001,North East,E06000047,E06000047,County Durham,,E06000047,County Durham,England,151395,Unitary Authority
80493,307,E09000009,"313, 317, 312, 320, 304, 309, 310, 871, 821, 302","E09000018, E09000026, E09000017, E09000031, E09000005, E09000014, E09000015, E06000039, E06000032, E09000003","302, 304, 310, 312, 313, 315, 870, 317, 871, 320",Ealing,,GL,London,ealing.gov.uk,307,E12000007,London,E09000009,E09000009,Ealing,,E09000009,Ealing,England,116727,London Borough
80466,811,E06000011,"860, 893, 815, 877, 855, 933, 884, 943, 937, 830","E10000028, E06000051, E06000065, E06000007, E10000018, E06000066, E06000019, E06000064, E10000031, E10000007","895, 896, 830, 815, 929, 891, 860, 877, 937, 885",East Riding of Yorkshire,,YH,Yorkshire and the Humber,eastriding.gov.uk,811,E12000003,Yorkshire and the Humber,E06000011,E06000011,East Riding of Yorkshire,,E06000011,East Riding of Yorkshire,England,85240,Unitary Authority
80467,845,E10000011,"878, 886, 908, 926, 881, 351, 838, 938, 929, 839","E10000008, E10000016, E06000052, E10000020, E10000012, E08000002, E06000059, E10000032, E06000057, E06000058","839, 878, 838, 881, 886, 926, 802, 933, 935, 885",East Sussex,,SE,South East,eastsussex.gov.uk,845,E12000008,South East,,E10000011,East Sussex,,E10000011,East Sussex,England,141554,County
80494,308,E09000010,"301, 309, 821, 330, 352, 307, 320, 203, 306, 355","E09000002, E09000014, E06000032, E08000025, E08000003, E09000009, E09000031, E09000011, E09000008, E08000006","301, 330, 306, 307, 203, 309, 312, 821, 870, 320",Enfield,,GL,London,enfield.gov.uk,,E12000007,London,E09000010,E09000010,Enfield,,E09000010,Enfield,England,112693,London Borough
80468,881,E10000012,"886, 938, 916, 802, 935, 850, 937, 933, 303, 865","E10000016, E10000032, E10000013, E06000024, E10000029, E10000014, E10000031, E06000066, E09000004, E06000054","823, 850, 886, 855, 802, 803, 860, 937, 938, 885",Essex,,E,East of England,essex.gov.uk,881,E12000006,East of England,,E10000012,Essex,,E10000012,Essex,England,437426,County
80469,390,E08000037,"841, 357, 393, 372, 808, 840, 807, 394, 332, 384","E06000005, E08000008, E08000023, E08000018, E06000004, E06000047, E06000003, E08000024, E08000027, E08000036","370, 841, 840, 392, 393, 342, 394, 357, 384, 359",Gateshead,,NE,North East,gateshead.gov.uk,390,E12000001,North East,E08000037,E08000037,Gateshead,,E08000037,Gateshead,England,55151,Metropolitan District
80470,916,E10000013,"937, 938, 850, 802, 865, 895, 855, 931, 881, 885","E10000031, E10000032, E10000014, E06000024, E06000054, E06000049, E10000018, E10000025, E10000012, E10000034","800, 873, 878, 838, 850, 893, 803, 938, 865, 885",Gloucestershire,,SW,South West,gloucestershire.gov.uk,,E12000003,South West,,E10000013,Gloucestershire,,E10000013,Gloucestershire,England,181242,County
80495,203,E09000011,"209, 208, 306, 210, 355, 320, 851, 852, 391, 870","E09000023, E09000022, E09000008, E09000028, E08000006, E09000031, E06000044, E06000045, E08000021, E06000038","301, 307, 308, 205, 309, 352, 315, 870, 210, 320",Greenwich,,GL,London,royalgreenwich.gov.uk,203,E12000007,London,E09000011,E09000011,Greenwich,,E09000011,Greenwich,England,94710,London Borough
80496,204,E09000012,"210, 206, 309, 208, 211, 209, 202, 352, 320, 213","E09000028, E09000019, E09000014, E09000022, E09000030, E09000023, E09000007, E08000003, E09000031, E09000033","306, 308, 203, 205, 309, 206, 208, 209, 210, 320",Hackney,,GL,London,hackney.gov.uk,204,E12000007,London,E09000012,E09000012,Hackney,,E09000012,Hackney,England,85121,London Borough
80471,876,E06000006,"342, 840, 344, 394, 807, 370, 390, 372, 808, 343","E08000013, E06000047, E08000015, E08000024, E06000003, E08000016, E08000037, E08000018, E06000004, E08000014","370, 841, 840, 805, 340, 806, 812, 807, 393, 394",Halton,,NW,North West,halton.gov.uk,876,E12000002,North West,E06000006,E06000006,Halton,,E06000006,Halton,England,38276,Unitary Authority
80497,205,E09000013,"208, 207, 209, 210, 212, 202, 302, 309, 306, 206","E09000022, E09000020, E09000023, E09000028, E09000032, E09000007, E09000003, E09000014, E09000008, E09000019","202, 203, 309, 206, 207, 315, 870, 210, 212, 213",Hammersmith and Fulham,,GL,London,lbhf.gov.uk,205,E12000007,London,E09000013,E09000013,Hammersmith and Fulham,,E09000013,Hammersmith and Fulham,England,56597,London Borough
80472,850,E10000014,"865, 802, 916, 938, 869, 867, 803, 937, 931, 855","E06000054, E06000024, E10000013, E10000032, E06000037, E06000036, E06000025, E10000031, E10000025, E10000018","873, 823, 916, 919, 855, 802, 803, 937, 938, 885",Hampshire,,SE,South East,hants.gov.uk,850,E12000008,South East,,E10000014,Hampshire,,E10000014,Hampshire,England,392075,County
80498,309,E09000014,"320, 307, 209, 208, 302, 308, 210, 304, 313, 317","E09000031, E09000009, E09000023, E09000022, E09000003, E09000010, E09000028, E09000005, E09000018, E09000026","306, 308, 203, 204, 205, 206, 208, 209, 210, 320",Haringey,,GL,London,haringey.gov.uk,309,E12000007,London,E09000014,E09000014,Haringey,,E09000014,Haringey,England,80331,London Borough
80499,310,E09000015,"317, 312, 302, 307, 320, 870, 313, 315, 871, 826","E09000026, E09000017, E09000003, E09000009, E09000031, E06000038, E09000018, E09000024, E06000039, E06000042","302, 304, 307, 312, 313, 314, 315, 317, 871, 319",Harrow,,GL,London,harrow.gov.uk,310,E12000007,London,E09000015,E09000015,Harrow,,E09000015,Harrow,England,82012,London Borough
80473,805,E06000001,"807, 394, 393, 890, 806, 390, 840, 876, 372, 340","E06000003, E08000024, E08000023, E06000009, E06000002, E08000037, E06000047, E06000006, E08000018, E08000011","370, 890, 876, 340, 806, 812, 807, 355, 393, 394",Hartlepool,,NE,North East,hartlepool.gov.uk,805,E12000001,North East,E06000001,E06000001,Hartlepool,,E06000001,Hartlepool,England,27900,Unitary Authority
80500,311,E09000016,"303, 822, 883, 881, 886, 866, 941, 826, 887, 938","E09000004, E06000055, E06000034, E10000012, E10000016, E06000030, E06000062, E06000042, E06000035, E10000032","303, 351, 881, 886, 888, 887, 941, 882, 866, 883",Havering,,GL,London,havering.gov.uk,311,E12000007,London,E09000016,E09000016,Havering,,E09000016,Havering,England,81092,London Borough
80474,884,E06000019,"943, 860, 925, 893, 933, 888, 935, 811, 815, 830","E06000064, E10000028, E10000019, E06000051, E06000066, E10000017, E10000029, E06000011, E06000065, E10000007","908, 909, 878, 838, 916, 926, 893, 933, 935, 865",Herefordshire,,WM,West Midlands,herefordshire.gov.uk,,E12000005,West Midlands,E06000019,E06000019,Herefordshire,,E06000019,Herefordshire,England,47213,Unitary Authority
80475,919,E10000015,"931, 825, 873, 867, 938, 305, 850, 358, 916, 869","E10000025, E06000060, E10000003, E06000036, E10000032, E09000006, E10000014, E08000009, E10000013, E06000037","867, 825, 873, 823, 850, 931, 358, 869, 938, 868",Hertfordshire,,E,East of England,hertfordshire.gov.uk,,E12000006,East of England,,E10000015,Hertfordshire,,E10000015,Hertfordshire,England,367496,County
80501,312,E09000017,"313, 317, 320, 874, 307, 852, 310, 870, 871, 331","E09000018, E09000026, E09000031, E06000031, E09000009, E06000045, E09000015, E06000038, E06000039, E08000026","302, 331, 307, 313, 315, 826, 870, 317, 871, 319",Hillingdon,,GL,London,hillingdon.gov.uk,,E12000007,London,E09000017,E09000017,Hillingdon,,E09000017,Hillingdon,England,102015,London Borough
80503,313,E09000018,"307, 312, 871, 317, 320, 821, 304, 310, 852, 301","E09000009, E09000017, E06000039, E09000026, E09000031, E06000032, E09000005, E09000015, E06000045, E09000002","302, 307, 310, 312, 856, 315, 870, 317, 871, 319",Hounslow,,GL,London,hounslow.gov.uk,313,E12000007,London,E09000018,E09000018,Hounslow,,E09000018,Hounslow,England,92628,London Borough
80419,921,E06000046,"357, 908, 926, 880, 879, 350, 929, 372, 354, 351","E08000008, E06000052, E10000020, E06000027, E06000026, E08000001, E06000057, E08000018, E08000005, E08000002","839, 908, 830, 845, 925, 926, 879, 882, 935, 880",Isle of Wight,,SE,South East,iow.gov.uk,921,E12000008,South East,E06000046,E06000046,Isle of Wight,,E06000046,Isle of Wight,England,33220,Unitary Authority
80455,420,E06000053,"869, 825, 872, 931, 850, 936, 873, 802, 867, 865","E06000037, E06000060, E06000041, E10000025, E10000014, E10000030, E10000003, E06000024, E06000036, E06000054","873, 908, 878, 916, 884, 931, 857, 893, 933, 865",Isles of Scilly,,SW,South West,scilly.gov.uk,420,E12000009,South West,E06000053,E06000053,Isles of Scilly,,E06000053,Isles of Scilly,England,590,Unitary Authority
80505,206,E09000019,"202, 210, 208, 213, 204, 205, 209, 309, 203, 352","E09000007, E09000028, E09000022, E09000033, E09000012, E09000013, E09000023, E09000014, E09000011, E08000003","202, 203, 204, 205, 309, 208, 352, 210, 212, 213",Islington,,GL,London,islington.gov.uk,206,E12000007,London,E09000019,E09000019,Islington,,E09000019,Islington,England,65082,London Borough
80544,207,E09000020,"205, 202, 208, 213, 210, 209, 212, 206, 302, 203","E09000013, E09000007, E09000022, E09000033, E09000028, E09000023, E09000032, E09000019, E09000003, E09000011","302, 846, 202, 201, 205, 206, 315, 870, 212, 213",Kensington and Chelsea,,GL,London,rbkc.gov.uk,207,E12000007,London,E09000020,E09000020,Kensington and Chelsea,,E09000020,Kensington and Chelsea,England,40870,London Borough
80476,886,E10000016,"881, 845, 878, 303, 935, 926, 891, 938, 822, 933","E10000012, E10000011, E10000008, E09000004, E10000029, E10000020, E10000024, E10000032, E06000055, E06000066","845, 881, 888, 941, 891, 860, 935, 866, 937, 885",Kent,,SE,South East,kent.gov.uk,886,E12000008,South East,,E10000016,Kent,,E10000016,Kent,England,469471,County
80477,810,E06000010,"333, 336, 861, 335, 812, 354, 806, 371, 831, 372","E08000028, E08000031, E06000021, E08000030, E06000012, E08000005, E06000002, E08000017, E06000015, E08000018","890, 805, 806, 812, 879, 851, 355, 393, 852, 861","Kingston Upon Hull, City of","[Kingston Upon Hull, Hull]",YH,Yorkshire and the Humber,hullcc.gov.uk,810,E12000003,Yorkshire and the Humber,E06000010,E06000010,Kingston upon Hull,,E06000010,Kingston upon Hull,England,87933,Unitary Authority
80545,314,E09000021,"319, 315, 919, 305, 800, 868, 358, 318, 936, 825","E09000029, E09000024, E10000015, E09000006, E06000022, E06000040, E08000009, E09000027, E10000030, E06000060","302, 867, 305, 919, 315, 870, 318, 936, 319, 868",Kingston upon Thames,,GL,London,kingston.gov.uk,314,E12000007,London,E09000021,E09000021,Kingston upon Thames,,E09000021,Kingston upon Thames,England,53090,London Borough
80478,382,E08000034,"373, 357, 851, 831, 879, 354, 351, 384, 908, 390","E08000019, E08000008, E06000044, E06000015, E06000026, E08000005, E08000002, E08000036, E06000052, E08000037","350, 351, 381, 831, 332, 888, 383, 354, 808, 894",Kirklees,,YH,Yorkshire and the Humber,kirklees.gov.uk,382,E12000003,Yorkshire and the Humber,E08000034,E08000034,Kirklees,,E08000034,Kirklees,England,139021,Metropolitan District
80479,340,E08000011,"342, 876, 394, 805, 807, 343, 344, 393, 840, 341","E08000013, E06000006, E08000024, E06000001, E06000003, E08000014, E08000015, E08000023, E06000047, E08000012","890, 876, 805, 341, 806, 807, 355, 393, 394, 357",Knowsley,,NW,North West,knowsley.gov.uk,340,E12000002,North West,E08000011,E08000011,Knowsley,,E08000011,Knowsley,England,47457,Metropolitan District
80506,208,E09000022,"210, 209, 205, 203, 309, 206, 306, 320, 202, 212","E09000028, E09000023, E09000013, E09000011, E09000014, E09000019, E09000008, E09000031, E09000007, E09000032","306, 308, 203, 204, 205, 309, 206, 209, 210, 320",Lambeth,,GL,London,lambeth.gov.uk,208,E12000007,London,E09000022,E09000022,Lambeth,,E09000022,Lambeth,England,95999,London Borough
80480,888,E10000017,"925, 351, 332, 884, 841, 808, 384, 891, 929, 359","E10000019, E08000002, E08000027, E06000019, E06000005, E06000004, E08000036, E10000024, E06000057, E08000010","351, 381, 896, 830, 886, 891, 343, 860, 808, 359",Lancashire,,NW,North West,lancashire.gov.uk,888,E12000002,North West,,E10000017,Lancashire,,E10000017,Lancashire,England,366990,County
80481,383,E08000035,"851, 882, 373, 826, 382, 355, 801, 852, 306, 839","E06000044, E06000033, E08000019, E06000042, E08000034, E08000006, E06000023, E06000045, E09000008, E06000058","350, 351, 381, 841, 831, 382, 392, 373, 808, 344",Leeds,,YH,Yorkshire and the Humber,leeds.gov.uk,,E12000003,Yorkshire and the Humber,E08000035,E08000035,Leeds,,E08000035,Leeds,England,275323,Metropolitan District
80482,856,E06000016,"821, 871, 304, 316, 333, 380, 307, 313, 330, 889","E06000032, E06000039, E09000005, E09000025, E08000028, E08000032, E09000009, E09000018, E08000025, E06000008","889, 331, 312, 313, 874, 333, 871, 852, 335, 336",Leicester,,EM,East Midlands,leicester.gov.uk,856,E12000004,East Midlands,E06000016,E06000016,Leicester,,E06000016,Leicester,England,140063,Unitary Authority
80483,855,E10000018,"916, 803, 937, 802, 850, 865, 933, 938, 811, 891","E10000013, E06000025, E10000031, E06000024, E10000014, E06000054, E06000066, E10000032, E06000011, E10000024","823, 895, 881, 850, 802, 803, 860, 937, 938, 885",Leicestershire,,EM,East Midlands,leics.gov.uk,855,E12000004,East Midlands,,E10000018,Leicestershire,,E10000018,Leicestershire,England,207317,County
80508,209,E09000023,"208, 210, 306, 205, 203, 320, 309, 302, 383, 355","E09000022, E09000028, E09000008, E09000013, E09000011, E09000031, E09000014, E09000003, E08000035, E08000006","304, 306, 308, 203, 204, 205, 309, 208, 210, 320",Lewisham,,GL,London,lewisham.gov.uk,209,E12000007,London,E09000023,E09000023,Lewisham,,E09000023,Lewisham,England,93688,London Borough
80484,925,E10000019,"888, 384, 884, 813, 926, 935, 332, 940, 830, 933","E10000017, E08000036, E06000019, E06000013, E10000020, E10000029, E08000027, E06000061, E10000007, E06000066","908, 909, 830, 926, 813, 940, 891, 860, 935, 885",Lincolnshire,,EM,East Midlands,lincolnshire.gov.uk,925,E12000004,East Midlands,,E10000019,Lincolnshire,,E10000019,Lincolnshire,England,212302,County
80485,341,E08000012,"890, 805, 806, 355, 393, 340, 394, 391, 807, 354","E06000009, E06000001, E06000002, E08000006, E08000023, E08000011, E08000024, E08000021, E06000003, E08000005","841, 390, 876, 805, 340, 806, 391, 355, 393, 394",Liverpool,,NW,North West,liverpool.gov.uk,341,E12000002,North West,E08000012,E08000012,Liverpool,,E08000012,Liverpool,England,166870,Metropolitan District
80520,821,E06000032,"871, 874, 331, 313, 312, 856, 307, 333, 852, 301","E06000039, E06000031, E08000026, E09000018, E09000017, E06000016, E09000009, E08000028, E06000045, E09000002","330, 380, 831, 308, 312, 874, 317, 333, 871, 335",Luton,,E,East of England,luton.gov.uk,821,E12000006,East of England,E06000032,E06000032,Luton,,E06000032,Luton,England,83182,Unitary Authority
80521,352,E08000003,"892, 330, 391, 308, 380, 355, 806, 852, 309, 353","E06000018, E08000025, E08000021, E09000010, E08000032, E08000006, E06000002, E06000045, E09000014, E08000004","330, 801, 341, 391, 892, 851, 355, 373, 852, 336",Manchester,,NW,North West,manchester.gov.uk,352,E12000002,North West,E08000003,E08000003,Manchester,,E08000003,Manchester,England,219504,Metropolitan District
80522,887,E06000035,"866, 332, 886, 303, 926, 935, 883, 891, 351, 384","E06000030, E08000027, E10000016, E09000004, E10000020, E10000029, E06000034, E10000024, E08000002, E08000036","332, 311, 886, 940, 941, 372, 882, 866, 894, 883",Medway,,,South East,medway.gov.uk,887,E12000008,South East,E06000035,E06000035,Medway,,E06000035,Medway,England,89143,Unitary Authority
80510,315,E09000024,"319, 314, 870, 302, 826, 822, 306, 919, 310, 873","E09000029, E09000021, E06000038, E09000003, E06000042, E06000055, E09000008, E10000015, E09000015, E10000003","302, 307, 308, 312, 313, 314, 870, 317, 319, 212",Merton,,GL,London,merton.gov.uk,315,E12000007,London,E09000024,E09000024,Merton,,E09000024,Merton,England,64903,London Borough
80523,806,E06000002,"890, 805, 861, 354, 391, 336, 335, 393, 341, 355","E06000009, E06000001, E06000021, E08000005, E08000021, E08000031, E08000030, E08000023, E08000012, E08000006","890, 876, 805, 810, 340, 354, 355, 393, 861, 357",Middlesbrough,,NE,North East,middlesbrough.gov.uk,806,E12000001,North East,E06000002,E06000002,Middlesbrough,,E06000002,Middlesbrough,England,48715,Unitary Authority
80524,826,E06000042,"822, 303, 882, 870, 839, 311, 919, 886, 319, 383","E06000055, E09000004, E06000033, E06000038, E06000058, E09000016, E10000015, E10000016, E09000029, E08000035","822, 303, 831, 919, 886, 383, 941, 870, 866, 883",Milton Keynes,,SE,South East,milton-keynes.gov.uk,826,E12000008,South East,E06000042,E06000042,Milton Keynes,,E06000042,Milton Keynes,England,93952,Unitary Authority
80525,391,E08000021,"355, 373, 806, 851, 892, 383, 330, 852, 352, 890","E08000006, E08000019, E06000002, E06000044, E06000018, E08000035, E08000025, E06000045, E08000003, E06000009","390, 876, 805, 383, 341, 806, 355, 373, 393, 394",Newcastle upon Tyne,,NE,North East,newcastle.gov.uk,391,E12000001,North East,E08000021,E08000021,Newcastle upon Tyne,,E08000021,Newcastle upon Tyne,England,111504,Metropolitan District
80511,316,E09000025,"304, 301, 308, 856, 309, 821, 307, 313, 352, 871","E09000005, E09000002, E09000010, E06000016, E09000014, E06000032, E09000009, E09000018, E08000003, E06000039","301, 304, 307, 308, 203, 204, 309, 821, 871, 320",Newham,,GL,London,newham.gov.uk,316,E12000007,London,E09000025,E09000025,Newham,,E09000025,Newham,England,127472,London Borough
80418,926,E10000020,"935, 908, 878, 830, 929, 886, 933, 925, 891, 887","E10000029, E06000052, E10000008, E10000007, E06000057, E10000016, E06000066, E10000019, E10000024, E06000035","908, 909, 878, 838, 845, 921, 925, 893, 933, 935",Norfolk,,E,East of England,norfolk.gov.uk,926,E12000006,East of England,,E10000020,Norfolk,,E10000020,Norfolk,England,247828,County
80526,812,E06000012,"371, 861, 372, 894, 335, 384, 841, 370, 807, 357","E08000017, E06000021, E08000018, E06000020, E08000030, E08000036, E06000005, E08000016, E06000003, E08000008","370, 371, 813, 807, 372, 342, 357, 894, 384, 359",North East Lincolnshire,,YH,Yorkshire and the Humber,nelincs.gov.uk,812,E12000003,Yorkshire and The Humber,E06000012,E06000012,North East Lincolnshire,,E06000012,North East Lincolnshire,England,45729,Unitary Authority
80527,813,E06000013,"384, 925, 371, 370, 940, 332, 942, 372, 894, 888","E08000036, E10000019, E08000017, E08000016, E06000061, E08000027, E06000063, E08000018, E06000020, E10000017","830, 371, 332, 925, 926, 940, 891, 372, 894, 359",North Lincolnshire,,YH,Yorkshire and the Humber,northlincs.gov.uk,813,E12000003,Yorkshire and The Humber,E06000013,E06000013,North Lincolnshire,,E06000013,North Lincolnshire,England,47117,Unitary Authority
2637539,940,E06000061,"866, 941, 935, 925, 933, 883, 891, 813, 887, 384","E06000030, E06000062, E10000029, E10000019, E06000066, E06000034, E10000024, E06000013, E06000035, E08000036","909, 830, 886, 925, 941, 891, 860, 935, 937, 885",North Northamptonshire,,EM,East Midlands,northnorthants.gov.uk,940,E12000004,East Midlands,E06000061,E06000061,North Northamptonshire,,E06000061,North Northamptonshire,England,107825,Unitary Authority
80528,802,E06000024,"850, 916, 865, 937, 855, 881, 938, 803, 891, 886","E10000014, E10000013, E06000054, E10000031, E10000018, E10000012, E10000032, E06000025, E10000024, E10000016","845, 881, 916, 850, 855, 803, 937, 938, 865, 885",North Somerset,,SW,South West,n-somerset.gov.uk,802,E12000009,South West,E06000024,E06000024,North Somerset,,E06000024,North Somerset,England,58642,Unitary Authority
80529,392,E08000022,"351, 891, 808, 802, 841, 888, 334, 908, 390, 886","E08000002, E10000024, E06000004, E06000024, E06000005, E10000017, E08000029, E06000052, E08000037, E10000016","381, 841, 840, 390, 929, 343, 342, 808, 359, 344",North Tyneside,,NE,North East,my.northtyneside.gov.uk,392,E12000001,North East,E08000022,E08000022,North Tyneside,,E08000022,North Tyneside,England,57185,Metropolitan District
80530,815,E06000065,"893, 895, 811, 860, 916, 877, 937, 884, 865, 933","E06000051, E06000049, E06000011, E10000028, E10000013, E06000007, E10000031, E06000019, E06000054, E06000066","823, 895, 896, 811, 857, 860, 877, 937, 869, 885",North Yorkshire,,YH,Yorkshire and the Humber,northyorks.gov.uk,,E12000003,Yorkshire and the Humber,,E10000023,North Yorkshire,,E10000023,North Yorkshire,England,158253,County
121939,928,,,,,Northamptonshire,,EM,East Midlands,nctrust.co.uk,928,E12000004,East Midlands,,E10000021,Northamptonshire,,E10000021,Northamptonshire,England,,
80532,929,E06000057,"926, 830, 888, 908, 878, 840, 838, 886, 885, 935","E10000020, E10000007, E10000017, E06000052, E10000008, E06000047, E06000059, E10000016, E10000034, E10000029","381, 896, 830, 811, 888, 392, 891, 860, 808, 877",Northumberland,,NE,North East,northumberland.gov.uk,929,E12000001,North East,E06000057,E06000057,Northumberland,,E06000057,Northumberland,England,81276,Unitary Authority
80533,892,E06000018,"330, 352, 391, 806, 380, 333, 852, 353, 373, 355","E08000025, E08000003, E08000021, E06000002, E08000032, E08000028, E06000045, E08000004, E08000019, E08000006","330, 801, 331, 810, 352, 851, 355, 333, 852, 336",Nottingham,,EM,East Midlands,nottinghamcity.gov.uk,892,E12000004,East Midlands,E06000018,E06000018,Nottingham,,E06000018,Nottingham,England,131978,Unitary Authority
80534,891,E10000024,"830, 935, 933, 886, 926, 937, 855, 802, 860, 888","E10000007, E10000029, E06000066, E10000016, E10000020, E10000031, E10000018, E06000024, E10000028, E10000017","896, 909, 830, 881, 886, 888, 925, 940, 860, 885",Nottinghamshire,,EM,East Midlands,nottinghamshire.gov.uk,,E12000004,East Midlands,,E10000024,Nottinghamshire,,E10000024,Nottinghamshire,England,229732,County
80535,353,E08000004,"889, 350, 354, 380, 335, 831, 861, 331, 330, 333","E06000008, E08000001, E08000005, E08000032, E08000030, E06000015, E06000021, E08000026, E08000025, E08000028","889, 350, 380, 831, 332, 382, 354, 372, 357, 335",Oldham,,NW,North West,oldham.gov.uk,353,E12000002,North West,E08000004,E08000004,Oldham,,E08000004,Oldham,England,84725,Metropolitan District
80536,931,E10000025,"873, 919, 825, 937, 916, 850, 867, 938, 869, 803","E10000003, E10000015, E06000060, E10000031, E10000013, E10000014, E06000036, E10000032, E06000037, E06000025","800, 867, 825, 873, 916, 850, 919, 869, 938, 865",Oxfordshire,,SE,South East,oxfordshire.gov.uk,931,E12000008,South East,,E10000025,Oxfordshire,,E10000025,Oxfordshire,England,223531,County
80537,874,E06000031,"331, 831, 312, 350, 852, 335, 821, 354, 336, 883","E08000026, E06000015, E09000017, E08000001, E06000045, E08000030, E06000032, E08000005, E08000031, E06000034","350, 831, 887, 879, 851, 372, 373, 852, 894, 335",Peterborough,,E,East of England,peterborough.gov.uk,874,E12000006,East of England,E06000031,E06000031,Peterborough,,E06000031,Peterborough,England,72688,Unitary Authority
80538,879,E06000026,"357, 880, 894, 332, 372, 384, 382, 390, 887, 908","E08000008, E06000027, E06000020, E08000027, E08000018, E08000036, E08000034, E08000037, E06000035, E06000052","839, 921, 887, 874, 851, 372, 882, 357, 894, 880",Plymouth,,SW,South West,plymouth.gov.uk,,E12000009,South West,E06000026,E06000026,Plymouth,,E06000026,Plymouth,England,83366,Unitary Authority
137316,836,,,,,Poole,,SW,South West,bcpcouncil.gov.uk,836,E12000009,South West,,E06000029,Poole,,E06000029,Poole,England,,
80539,851,E06000044,"373, 383, 382, 355, 852, 882, 879, 831, 390, 357","E08000019, E08000035, E08000034, E08000006, E06000045, E06000033, E06000026, E06000015, E08000037, E08000008","801, 331, 831, 874, 879, 355, 373, 852, 882, 894",Portsmouth,,SE,South East,portsmouth.gov.uk,851,E12000008,South East,E06000044,E06000044,Portsmouth,,E06000044,Portsmouth,England,71214,Unitary Authority
80540,870,E06000038,"826, 302, 312, 315, 822, 306, 320, 383, 852, 310","E06000042, E09000003, E09000017, E09000024, E06000055, E09000008, E09000031, E08000035, E06000045, E09000015","302, 822, 846, 801, 831, 312, 826, 373, 852, 319",Reading,,SE,South East,brighterfuturesforchildren.org,870,E12000008,South East,E06000038,E06000038,Reading,,E06000038,Reading,England,58510,Unitary Authority
80512,317,E09000026,"310, 312, 320, 307, 313, 302, 871, 870, 852, 821","E09000015, E09000017, E09000031, E09000009, E09000018, E09000003, E06000039, E06000038, E06000045, E06000032","302, 307, 310, 312, 313, 821, 315, 870, 871, 319",Redbridge,,GL,London,redbridge.gov.uk,317,E12000007,London,E09000026,E09000026,Redbridge,,E09000026,Redbridge,England,106783,London Borough
80541,807,E06000003,"394, 393, 805, 372, 390, 840, 370, 357, 371, 880","E08000024, E08000023, E06000001, E08000018, E08000037, E06000047, E08000016, E08000008, E08000017, E06000027","370, 841, 371, 840, 812, 372, 342, 357, 359, 344",Redcar and Cleveland,,NE,North East,redcar-cleveland.gov.uk,807,E12000001,North East,E06000003,E06000003,Redcar and Cleveland,,E06000003,Redcar and Cleveland,England,37804,Unitary Authority
80513,318,E09000027,"868, 314, 936, 872, 305, 358, 825, 919, 800, 869","E06000040, E09000021, E10000030, E06000041, E09000006, E08000009, E06000060, E10000015, E06000022, E06000037","305, 825, 873, 919, 314, 931, 936, 869, 868, 872",Richmond upon Thames,,GL,London,richmond.gov.uk,318,E12000007,London,E09000027,E09000027,Richmond upon Thames,,E09000027,Richmond upon Thames,England,57579,London Borough
80542,354,E08000005,"335, 357, 861, 350, 394, 371, 372, 831, 353, 355","E08000030, E08000008, E06000021, E08000001, E08000024, E08000017, E08000018, E06000015, E08000004, E08000006","350, 831, 371, 382, 806, 353, 372, 861, 357, 335",Rochdale,,NW,North West,rochdale.gov.uk,354,E12000002,North West,E08000005,E08000005,Rochdale,,E08000005,Rochdale,England,74298,Metropolitan District
80543,372,E08000018,"370, 357, 371, 384, 894, 332, 807, 394, 390, 840","E08000016, E08000008, E08000017, E08000036, E06000020, E08000027, E06000003, E08000024, E08000037, E06000047","370, 371, 332, 812, 813, 807, 357, 894, 384, 359",Rotherham,,YH,Yorkshire and the Humber,rotherham.gov.uk,372,E12000003,Yorkshire and The Humber,E08000018,E08000018,Rotherham,,E08000018,Rotherham,England,78881,Metropolitan District
80547,857,E06000017,"865, 815, 893, 895, 850, 823, 916, 855, 869, 811","E06000054, E06000065, E06000051, E06000049, E10000014, E06000056, E10000013, E10000018, E06000037, E06000011","825, 873, 823, 895, 850, 815, 931, 937, 869, 865",Rutland,,EM,East Midlands,rutland.gov.uk,857,E12000004,East Midlands,E06000017,E06000017,Rutland,,E06000017,Rutland,England,11371,Unitary Authority
80548,355,E08000006,"373, 354, 851, 391, 390, 350, 393, 357, 852, 383","E08000019, E08000005, E06000044, E08000021, E08000037, E08000001, E08000023, E08000008, E06000045, E08000035","390, 876, 805, 341, 806, 391, 373, 393, 394, 357",Salford,,NW,North West,salford.gov.uk,355,E12000002,North West,E08000006,E08000006,Salford,,E08000006,Salford,England,93401,Metropolitan District
80549,333,E08000028,"336, 810, 861, 335, 354, 380, 806, 331, 353, 821","E08000031, E06000010, E06000021, E08000030, E08000005, E08000032, E06000002, E08000026, E08000004, E06000032","330, 889, 331, 831, 821, 892, 874, 861, 335, 336",Sandwell,,WM,West Midlands,sandwell.gov.uk,333,E12000005,West Midlands,E08000028,E08000028,Sandwell,,E08000028,Sandwell,England,117653,Metropolitan District
80550,343,E08000014,"344, 342, 359, 888, 876, 840, 808, 340, 841, 351","E08000015, E08000013, E08000010, E10000017, E06000006, E06000047, E06000004, E08000011, E06000005, E08000002","351, 381, 841, 830, 888, 392, 891, 808, 359, 344",Sefton,,NW,North West,sefton.gov.uk,343,E12000002,North West,E08000014,E08000014,Sefton,,E08000014,Sefton,England,74476,Metropolitan District
80551,373,E08000019,"382, 851, 355, 383, 831, 354, 391, 852, 357, 350","E08000034, E06000044, E08000006, E08000035, E06000015, E08000005, E08000021, E06000045, E08000008, E08000001","350, 381, 831, 383, 874, 879, 851, 852, 357, 894",Sheffield,,YH,Yorkshire and the Humber,sheffield.gov.uk,373,E12000003,Yorkshire and The Humber,E08000019,E08000019,Sheffield,,E08000019,Sheffield,England,188038,Metropolitan District
80552,893,E06000051,"815, 933, 860, 811, 838, 884, 830, 885, 943, 916","E06000065, E06000066, E10000028, E06000011, E06000059, E06000019, E10000007, E10000034, E06000064, E10000013","908, 909, 878, 838, 916, 884, 933, 935, 865, 885",Shropshire,,WM,West Midlands,shropshire.gov.uk,893,E12000005,West Midlands,E06000051,E06000051,Shropshire,,E06000051,Shropshire,England,83517,Unitary Authority
80553,871,E06000039,"313, 312, 821, 307, 317, 310, 304, 874, 320, 856","E09000018, E09000017, E06000032, E09000009, E09000026, E09000015, E09000005, E06000031, E09000031, E06000016","302, 330, 889, 307, 312, 313, 856, 821, 870, 317",Slough,,SE,South East,scstrust.co.uk,871,E12000008,South East,E06000039,E06000039,Slough,,E06000039,Slough,England,58086,Unitary Authority
80554,334,E08000029,"356, 896, 937, 877, 886, 916, 802, 895, 881, 919","E08000007, E06000050, E10000031, E06000007, E10000016, E10000013, E06000024, E06000049, E10000012, E10000015","351, 823, 895, 896, 811, 881, 356, 358, 877, 937",Solihull,,WM,West Midlands,solihull.gov.uk,334,E12000005,West Midlands,E08000029,E08000029,Solihull,,E08000029,Solihull,England,64284,Metropolitan District
80555,933,E06000066,"935, 830, 838, 893, 885, 891, 878, 860, 855, 881","E10000029, E10000007, E06000059, E06000051, E10000034, E10000024, E10000008, E10000028, E10000018, E10000012","908, 878, 838, 845, 916, 884, 926, 893, 935, 865",Somerset,,SW,South West,somerset.gov.uk,933,E12000009,South West,,E10000027,Somerset,,E10000027,Somerset,England,152079,Unitary Authority
80556,803,E06000025,"855, 850, 938, 873, 823, 802, 916, 881, 931, 865","E10000018, E10000014, E10000032, E10000003, E06000056, E06000024, E10000013, E10000012, E10000025, E06000054","823, 881, 916, 850, 855, 802, 937, 938, 865, 885",South Gloucestershire,,SW,South West,southglos.gov.uk,803,E12000009,South West,E06000025,E06000025,South Gloucestershire,,E06000025,South Gloucestershire,England,87691,Unitary Authority
80557,393,E08000023,"394, 807, 390, 805, 840, 357, 372, 354, 890, 841","E08000024, E06000003, E08000037, E06000001, E06000047, E08000008, E08000018, E08000005, E06000009, E06000005","840, 390, 876, 805, 341, 807, 355, 342, 394, 357",South Tyneside,,NE,North East,southtyneside.gov.uk,393,E12000001,North East,E08000023,E08000023,South Tyneside,,E08000023,South Tyneside,England,41392,Metropolitan District
80558,852,E06000045,"331, 831, 851, 373, 312, 355, 874, 383, 350, 320","E08000026, E06000015, E06000044, E08000019, E09000017, E08000006, E06000031, E08000035, E08000001, E09000031","801, 331, 831, 810, 874, 879, 851, 355, 373, 861",Southampton,,SE,South East,southampton.gov.uk,852,E12000008,South East,E06000045,E06000045,Southampton,,E06000045,Southampton,England,87220,Unitary Authority
80559,882,E06000033,"839, 383, 826, 351, 845, 851, 886, 303, 392, 822","E06000058, E08000035, E06000042, E08000002, E10000011, E06000044, E10000016, E09000004, E08000022, E06000055","839, 845, 881, 921, 886, 887, 879, 935, 866, 894",Southend-on-Sea,,E,East of England,southend.gov.uk,882,E12000006,East of England,E06000033,E06000033,Southend-on-Sea,,E06000033,Southend-on-Sea,England,52843,Unitary Authority
80514,210,E09000028,"208, 209, 205, 206, 203, 309, 202, 204, 306, 320","E09000022, E09000023, E09000013, E09000019, E09000011, E09000014, E09000007, E09000012, E09000008, E09000031","306, 308, 203, 204, 205, 309, 206, 208, 209, 320",Southwark,,GL,London,southwark.gov.uk,210,E12000007,London,E09000028,E09000028,Southwark,,E09000028,Southwark,England,96071,London Borough
80560,342,E08000013,"876, 343, 340, 840, 807, 370, 394, 344, 808, 894","E06000006, E08000014, E08000011, E06000047, E06000003, E08000016, E08000024, E08000015, E06000004, E06000020","370, 841, 840, 390, 392, 807, 808, 357, 384, 359",St. Helens,,NW,North West,sthelens.gov.uk,342,E12000002,North West,E08000013,E08000013,St. Helens,,E08000013,St. Helens,England,51544,Metropolitan District
80561,860,E10000028,"811, 884, 893, 815, 933, 830, 877, 891, 943, 888","E06000011, E06000019, E06000051, E06000065, E06000066, E10000007, E06000007, E10000024, E06000064, E10000017","896, 909, 830, 811, 881, 888, 940, 891, 937, 885",Staffordshire,,WM,West Midlands,staffordshire.gov.uk,860,E12000005,West Midlands,,E10000028,Staffordshire,,E10000028,Staffordshire,England,241195,County
80562,356,E08000007,"334, 358, 896, 916, 919, 938, 937, 802, 803, 873","E08000029, E08000009, E06000050, E10000013, E10000015, E10000032, E10000031, E06000024, E06000025, E10000003","351, 896, 881, 886, 888, 802, 334, 877, 937, 885",Stockport,,NW,North West,stockport.gov.uk,356,E12000002,North West,E08000007,E08000007,Stockport,,E08000007,Stockport,England,83960,Metropolitan District
80563,808,E06000004,"841, 332, 888, 390, 384, 351, 840, 372, 894, 344","E06000005, E08000027, E10000017, E08000037, E08000036, E08000002, E06000047, E08000018, E06000020, E08000015","351, 381, 841, 840, 888, 392, 343, 342, 359, 344",Stockton-on-Tees,,NE,North East,stockton.gov.uk,808,E12000001,North East,E06000004,E06000004,Stockton-on-Tees,,E06000004,Stockton-on-Tees,England,58648,Unitary Authority
80564,861,E06000021,"335, 354, 336, 371, 812, 810, 333, 357, 831, 372","E08000030, E08000005, E08000031, E08000017, E06000012, E06000010, E08000028, E08000008, E06000015, E08000018","370, 890, 371, 810, 806, 812, 354, 372, 357, 335",Stoke-on-Trent,,WM,West Midlands,stoke.gov.uk,861,E12000005,West Midlands,E06000021,E06000021,Stoke-on-Trent,,E06000021,Stoke-on-Trent,England,84146,Unitary Authority
80565,935,E10000029,"933, 926, 830, 891, 878, 881, 886, 838, 925, 940","E06000066, E10000020, E10000007, E10000024, E10000008, E10000012, E10000016, E06000059, E10000019, E06000061","908, 878, 838, 845, 916, 925, 926, 893, 933, 885",Suffolk,,E,East of England,analysticsbi.com,935,E12000006,East of England,,E10000029,Suffolk,,E10000029,Suffolk,England,208272,County
80566,394,E08000024,"807, 393, 805, 372, 357, 880, 390, 840, 370, 354","E06000003, E08000023, E06000001, E08000018, E08000008, E06000027, E08000037, E06000047, E08000016, E08000005","370, 841, 840, 390, 876, 807, 393, 342, 357, 384",Sunderland,,NE,North East,togetherforchildren.org.uk,394,E12000001,North East,E08000024,E08000024,Sunderland,,E08000024,Sunderland,England,77829,Metropolitan District
80567,936,E10000030,"868, 825, 358, 919, 869, 823, 872, 931, 867, 873","E06000040, E06000060, E08000009, E10000015, E06000037, E06000056, E06000041, E10000025, E06000036, E10000003","867, 825, 873, 823, 850, 919, 931, 869, 868, 872",Surrey,,SE,South East,surreycc.gov.uk,936,E12000008,South East,,E10000030,Surrey,,E10000030,Surrey,England,362904,County
80515,319,E09000029,"315, 919, 826, 873, 931, 314, 822, 938, 839, 825","E09000024, E10000015, E06000042, E10000003, E10000025, E09000021, E06000055, E10000032, E06000058, E06000060","302, 822, 303, 867, 305, 919, 314, 826, 870, 866",Sutton,,GL,London,sutton.gov.uk,319,E12000007,London,E09000029,E09000029,Sutton,,E09000029,Sutton,England,65081,London Borough
80568,866,E06000030,"887, 940, 883, 303, 822, 941, 935, 311, 891, 886","E06000035, E06000061, E06000034, E09000004, E06000055, E06000062, E10000029, E09000016, E10000024, E10000016","839, 881, 886, 888, 887, 940, 941, 891, 882, 894",Swindon,,SW,South West,swindon.gov.uk,866,E12000009,South West,E06000030,E06000030,Swindon,,E06000030,Swindon,England,70696,Unitary Authority
80569,357,E08000008,"372, 390, 354, 370, 384, 332, 894, 879, 394, 880","E08000018, E08000037, E08000005, E08000016, E08000036, E08000027, E06000020, E06000026, E08000024, E06000027","370, 841, 371, 390, 812, 807, 372, 342, 394, 359",Tameside,,NW,North West,tameside.gov.uk,357,E12000002,North West,E08000008,E08000008,Tameside,,E08000008,Tameside,England,70381,Metropolitan District
80570,894,E06000020,"384, 372, 332, 370, 357, 371, 841, 390, 879, 808","E08000036, E08000018, E08000027, E08000016, E08000008, E08000017, E06000005, E08000037, E06000026, E06000004","371, 332, 888, 887, 813, 874, 879, 372, 866, 359",Telford and Wrekin,,WM,West Midlands,telford.gov.uk,894,E12000005,West Midlands,E06000020,E06000020,Telford and Wrekin,,E06000020,Telford and Wrekin,England,58537,Unitary Authority
80571,883,E06000034,"866, 303, 311, 887, 940, 822, 941, 332, 925, 935","E06000030, E09000004, E09000016, E06000035, E06000061, E06000055, E06000062, E08000027, E10000019, E10000029","303, 332, 311, 887, 826, 941, 874, 882, 866, 894",Thurrock,,E,East of England,thurrock.gov.uk,883,E12000006,East of England,E06000034,E06000034,Thurrock,,E06000034,Thurrock,England,59497,Unitary Authority
80572,880,E06000027,"357, 394, 879, 372, 807, 921, 370, 390, 354, 894","E08000008, E08000024, E06000026, E08000018, E06000003, E06000046, E08000016, E08000037, E08000005, E06000020","839, 921, 926, 812, 879, 807, 372, 882, 894, 359",Torbay,,SW,South West,torbay.gov.uk,880,E12000009,South West,E06000027,E06000027,Torbay,,E06000027,Torbay,England,35202,Unitary Authority
80516,211,E09000030,"204, 206, 316, 352, 202, 309, 213, 210, 330, 304","E09000012, E09000019, E09000025, E08000003, E09000007, E09000014, E09000033, E09000028, E08000025, E09000005","330, 202, 204, 205, 309, 206, 821, 352, 316, 213",Tower Hamlets,,GL,London,towerhamlets.gov.uk,211,E12000007,London,E09000030,E09000030,Tower Hamlets,,E09000030,Tower Hamlets,England,113173,London Borough
80573,358,E08000009,"919, 356, 825, 931, 936, 305, 895, 873, 916, 334","E10000015, E08000007, E06000060, E10000025, E10000030, E09000006, E06000049, E10000003, E10000013, E08000029","867, 305, 825, 823, 895, 850, 919, 334, 356, 816",Trafford,,NW,North West,trafford.gov.uk,358,E12000002,North West,E08000009,E08000009,Trafford,,E08000009,Trafford,England,72430,Metropolitan District
80451,384,E08000036,"332, 370, 894, 372, 925, 357, 371, 813, 841, 888","E08000027, E08000016, E06000020, E08000018, E10000019, E08000008, E08000017, E06000013, E06000005, E10000017","370, 371, 840, 390, 812, 807, 372, 342, 394, 359",Wakefield,,YH,Yorkshire and the Humber,wakefield.gov.uk,384,E12000003,Yorkshire and the Humber,E08000036,E08000036,Wakefield,,E08000036,Wakefield,England,102138,Metropolitan District
80574,335,E08000030,"354, 861, 357, 336, 371, 831, 350, 372, 812, 333","E08000005, E06000021, E08000008, E08000031, E08000017, E06000015, E08000001, E08000018, E06000012, E08000028","350, 831, 332, 382, 874, 354, 333, 861, 357, 894",Walsall,,WM,West Midlands,walsall.gov.uk,335,E12000005,West Midlands,E08000030,E08000030,Walsall,,E08000030,Walsall,England,94285,Metropolitan District
80517,320,E09000031,"317, 302, 312, 306, 307, 309, 313, 310, 209, 852","E09000026, E09000003, E09000017, E09000008, E09000009, E09000014, E09000018, E09000015, E09000023, E06000045","330, 304, 306, 307, 308, 203, 309, 209, 821, 315",Waltham Forest,,GL,London,Walthamforest.gov.uk,320,E12000007,London,E09000031,E09000031,Waltham Forest,,E09000031,Waltham Forest,England,87476,London Borough
80518,212,E09000032,"205, 314, 315, 208, 209, 302, 870, 801, 846, 305","E09000013, E09000021, E09000024, E09000022, E09000023, E09000003, E06000038, E06000023, E06000043, E09000006","302, 846, 202, 205, 309, 207, 315, 870, 318, 213",Wandsworth,,GL,London,richmondandwandsworth.gov.uk,212,E12000007,London,E09000032,E09000032,Wandsworth,,E09000032,Wandsworth,England,96914,London Borough
80575,877,E06000007,"895, 937, 860, 811, 815, 916, 334, 893, 885, 865","E06000049, E10000031, E10000028, E06000011, E06000065, E10000013, E08000029, E06000051, E10000034, E06000054","351, 895, 896, 811, 881, 891, 334, 860, 356, 937",Warrington,,NW,North West,warrington.gov.uk,877,E12000002,North West,E06000007,E06000007,Warrington,,E06000007,Warrington,England,59936,Unitary Authority
80576,937,E10000031,"916, 895, 931, 802, 855, 938, 850, 877, 865, 881","E10000013, E06000049, E10000025, E06000024, E10000018, E10000032, E10000014, E06000007, E06000054, E10000012","823, 895, 896, 881, 850, 855, 802, 860, 877, 885",Warwickshire,,WM,West Midlands,warwickshire.gov.uk,937,E12000005,West Midlands,,E10000031,Warwickshire,,E10000031,Warwickshire,England,171010,County
80577,869,E06000037,"825, 850, 931, 867, 919, 873, 823, 865, 916, 305","E06000060, E10000014, E10000025, E06000036, E10000015, E10000003, E06000056, E06000054, E10000013, E09000006","867, 825, 873, 823, 895, 850, 919, 931, 857, 936",West Berkshire,,SE,South East,westberks.gov.uk,869,E12000008,South East,E06000037,E06000037,West Berkshire,,E06000037,West Berkshire,England,46945,Unitary Authority
2637548,941,E06000062,"822, 940, 937, 866, 933, 935, 311, 855, 931, 303","E06000055, E06000061, E10000031, E06000030, E06000066, E10000029, E09000016, E10000018, E10000025, E09000004","822, 881, 886, 887, 940, 891, 860, 866, 937, 885",West Northamptonshire,,EM,East Midlands,westnorthants.gov.uk,941,E12000004,East Midlands,E06000062,E06000062,West Northamptonshire,,E06000062,West Northamptonshire,England,130330,Unitary Authority
80578,938,E10000032,"916, 881, 850, 919, 937, 865, 802, 931, 803, 878","E10000013, E10000012, E10000014, E10000015, E10000031, E06000054, E06000024, E10000025, E06000025, E10000008","800, 823, 881, 916, 850, 855, 802, 803, 865, 885",West Sussex,,SE,South East,westsussex.gov.uk,938,E12000008,South East,,E10000032,West Sussex,,E10000032,West Sussex,England,241769,County
80519,213,E09000033,"202, 206, 210, 207, 205, 208, 203, 352, 204, 309","E09000007, E09000019, E09000028, E09000020, E09000013, E09000022, E09000011, E08000003, E09000012, E09000014","302, 202, 203, 205, 206, 207, 352, 315, 870, 212",Westminster,,GL,London,westminster.gov.uk,213,E12000007,London,E09000033,E09000033,Westminster,,E09000033,Westminster,England,59615,London Borough
2733698,943,E06000064,"884, 942, 860, 893, 811, 815, 925, 933, 935, 830","E06000019, E06000063, E10000028, E06000051, E06000011, E06000065, E10000019, E06000066, E10000029, E10000007","878, 371, 341, 812, 941, 353, 871, 356, 394",Westmorland and Furness,,NW,North West,westmorlandandfurness.gov.uk,943,E12000002,North West,,E10000006,Cumbria,,E10000006,Cumbria,England,128211,County
80579,359,E08000010,"888, 925, 343, 877, 860, 332, 929, 884, 808, 893","E10000017, E10000019, E08000014, E06000007, E10000028, E08000027, E06000057, E06000019, E06000004, E06000051","370, 371, 332, 812, 807, 372, 342, 808, 357, 384",Wigan,,NW,North West,wigan.gov.uk,359,E12000002,North West,E08000010,E08000010,Wigan,,E08000010,Wigan,England,95108,Metropolitan District
80580,865,E06000054,"850, 916, 802, 938, 855, 937, 895, 881, 815, 803","E10000014, E10000013, E06000024, E10000032, E10000018, E10000031, E06000049, E10000012, E06000065, E06000025","800, 873, 878, 838, 916, 850, 802, 893, 938, 885",Wiltshire,,SW,South West,wiltshire.gov.uk,865,E12000009,South West,E06000054,E06000054,Wiltshire,,E06000054,Wiltshire,England,143913,Unitary Authority
80546,868,E06000040,"936, 825, 872, 358, 919, 869, 305, 823, 931, 867","E10000030, E06000060, E06000041, E08000009, E10000015, E06000037, E09000006, E06000056, E10000025, E06000036","867, 825, 873, 850, 919, 931, 936, 358, 869, 872",Windsor and Maidenhead,,SE,South East,achievingforchildren.org.uk,868,E12000008,South East,E06000040,E06000040,Windsor and Maidenhead,,E06000040,Windsor and Maidenhead,England,45358,Unitary Authority
80581,344,E08000015,"840, 343, 876, 808, 394, 390, 807, 888, 351, 393","E06000047, E08000014, E06000006, E06000004, E08000024, E08000037, E06000003, E10000017, E08000002, E08000023","381, 841, 840, 888, 392, 807, 343, 342, 808, 359",Wirral,,NW,North West,wirral.gov.uk,344,E12000002,North West,E08000015,E08000015,Wirral,,E08000015,Wirral,England,89994,Metropolitan District
80582,872,E06000041,"868, 936, 825, 869, 305, 358, 318, 919, 867, 823","E06000040, E10000030, E06000060, E06000037, E09000006, E08000009, E09000027, E10000015, E06000036, E06000056","867, 825, 895, 850, 919, 931, 857, 936, 869, 868",Wokingham,,SE,South East,wokingham.gov.uk,872,E12000008,South East,E06000041,E06000041,Wokingham,,E06000041,Wokingham,England,54920,Unitary Authority
80583,336,E08000031,"333, 861, 335, 810, 354, 331, 371, 831, 806, 812","E08000028, E06000021, E08000030, E06000010, E08000005, E08000026, E08000017, E06000015, E06000002, E06000012","330, 331, 831, 892, 874, 333, 373, 852, 861, 335",Wolverhampton,,WM,West Midlands,wolverhampton.gov.uk,336,E12000005,West Midlands,E08000031,E08000031,Wolverhampton,,E08000031,Wolverhampton,England,86454,Metropolitan District
80584,885,E10000034,"933, 916, 838, 937, 893, 938, 878, 830, 881, 815","E06000066, E10000013, E06000059, E10000031, E06000051, E10000032, E10000008, E10000007, E10000012, E06000065","838, 845, 881, 886, 855, 802, 803, 860, 937, 938",Worcestershire,,WM,West Midlands,worcschildrenfirst.org.uk,885,E12000005,West Midlands,,E10000034,Worcestershire,,E10000034,Worcestershire,England,165945,County
80453,816,E06000014,"916, 800, 802, 919, 937, 931, 938, 358, 850, 356","E10000013, E06000022, E06000024, E10000015, E10000031, E10000025, E10000032, E08000009, E10000014, E08000007","867, 823, 895, 896, 850, 919, 356, 877, 937, 885",York,,YH,Yorkshire and the Humber,york.gov.uk,816,E12000003,Yorkshire and the Humber,E06000014,E06000014,York,,E06000014,York,England,65602,Unitary Authority
